date,date_key,year,month,day,quarter,day_of_week,is_weekend,fiscal_year_apr
2010-12-29,20101229,2010,12,29,4,3,False,2010
2010-12-30,20101230,2010,12,30,4,4,False,2010
2010-12-31,20101231,2010,12,31,4,5,False,2010
2011-01-01,20110101,2011,1,1,1,6,True,2010
2011-01-02,20110102,2011,1,2,1,7,True,2010
2011-01-03,20110103,2011,1,3,1,1,False,2010
2011-01-04,20110104,2011,1,4,1,2,False,2010
2011-01-05,20110105,2011,1,5,1,3,False,2010
2011-01-06,20110106,2011,1,6,1,4,False,2010
2011-01-07,20110107,2011,1,7,1,5,False,2010
2011-01-08,20110108,2011,1,8,1,6,True,2010
2011-01-09,20110109,2011,1,9,1,7,True,2010
2011-01-10,20110110,2011,1,10,1,1,False,2010
2011-01-11,20110111,2011,1,11,1,2,False,2010
2011-01-12,20110112,2011,1,12,1,3,False,2010
2011-01-13,20110113,2011,1,13,1,4,False,2010
2011-01-14,20110114,2011,1,14,1,5,False,2010
2011-01-15,20110115,2011,1,15,1,6,True,2010
2011-01-16,20110116,2011,1,16,1,7,True,2010
2011-01-17,20110117,2011,1,17,1,1,False,2010
2011-01-18,20110118,2011,1,18,1,2,False,2010
2011-01-19,20110119,2011,1,19,1,3,False,2010
2011-01-20,20110120,2011,1,20,1,4,False,2010
2011-01-21,20110121,2011,1,21,1,5,False,2010
2011-01-22,20110122,2011,1,22,1,6,True,2010
2011-01-23,20110123,2011,1,23,1,7,True,2010
2011-01-24,20110124,2011,1,24,1,1,False,2010
2011-01-25,20110125,2011,1,25,1,2,False,2010
2011-01-26,20110126,2011,1,26,1,3,False,2010
2011-01-27,20110127,2011,1,27,1,4,False,2010
2011-01-28,20110128,2011,1,28,1,5,False,2010
2011-01-29,20110129,2011,1,29,1,6,True,2010
2011-01-30,20110130,2011,1,30,1,7,True,2010
2011-01-31,20110131,2011,1,31,1,1,False,2010
2011-02-01,20110201,2011,2,1,1,2,False,2010
2011-02-02,20110202,2011,2,2,1,3,False,2010
2011-02-03,20110203,2011,2,3,1,4,False,2010
2011-02-04,20110204,2011,2,4,1,5,False,2010
2011-02-05,20110205,2011,2,5,1,6,True,2010
2011-02-06,20110206,2011,2,6,1,7,True,2010
2011-02-07,20110207,2011,2,7,1,1,False,2010
2011-02-08,20110208,2011,2,8,1,2,False,2010
2011-02-09,20110209,2011,2,9,1,3,False,2010
2011-02-10,20110210,2011,2,10,1,4,False,2010
2011-02-11,20110211,2011,2,11,1,5,False,2010
2011-02-12,20110212,2011,2,12,1,6,True,2010
2011-02-13,20110213,2011,2,13,1,7,True,2010
2011-02-14,20110214,2011,2,14,1,1,False,2010
2011-02-15,20110215,2011,2,15,1,2,False,2010
2011-02-16,20110216,2011,2,16,1,3,False,2010
2011-02-17,20110217,2011,2,17,1,4,False,2010
2011-02-18,20110218,2011,2,18,1,5,False,2010
2011-02-19,20110219,2011,2,19,1,6,True,2010
2011-02-20,20110220,2011,2,20,1,7,True,2010
2011-02-21,20110221,2011,2,21,1,1,False,2010
2011-02-22,20110222,2011,2,22,1,2,False,2010
2011-02-23,20110223,2011,2,23,1,3,False,2010
2011-02-24,20110224,2011,2,24,1,4,False,2010
2011-02-25,20110225,2011,2,25,1,5,False,2010
2011-02-26,20110226,2011,2,26,1,6,True,2010
2011-02-27,20110227,2011,2,27,1,7,True,2010
2011-02-28,20110228,2011,2,28,1,1,False,2010
2011-03-01,20110301,2011,3,1,1,2,False,2010
2011-03-02,20110302,2011,3,2,1,3,False,2010
2011-03-03,20110303,2011,3,3,1,4,False,2010
2011-03-04,20110304,2011,3,4,1,5,False,2010
2011-03-05,20110305,2011,3,5,1,6,True,2010
2011-03-06,20110306,2011,3,6,1,7,True,2010
2011-03-07,20110307,2011,3,7,1,1,False,2010
2011-03-08,20110308,2011,3,8,1,2,False,2010
2011-03-09,20110309,2011,3,9,1,3,False,2010
2011-03-10,20110310,2011,3,10,1,4,False,2010
2011-03-11,20110311,2011,3,11,1,5,False,2010
2011-03-12,20110312,2011,3,12,1,6,True,2010
2011-03-13,20110313,2011,3,13,1,7,True,2010
2011-03-14,20110314,2011,3,14,1,1,False,2010
2011-03-15,20110315,2011,3,15,1,2,False,2010
2011-03-16,20110316,2011,3,16,1,3,False,2010
2011-03-17,20110317,2011,3,17,1,4,False,2010
2011-03-18,20110318,2011,3,18,1,5,False,2010
2011-03-19,20110319,2011,3,19,1,6,True,2010
2011-03-20,20110320,2011,3,20,1,7,True,2010
2011-03-21,20110321,2011,3,21,1,1,False,2010
2011-03-22,20110322,2011,3,22,1,2,False,2010
2011-03-23,20110323,2011,3,23,1,3,False,2010
2011-03-24,20110324,2011,3,24,1,4,False,2010
2011-03-25,20110325,2011,3,25,1,5,False,2010
2011-03-26,20110326,2011,3,26,1,6,True,2010
2011-03-27,20110327,2011,3,27,1,7,True,2010
2011-03-28,20110328,2011,3,28,1,1,False,2010
2011-03-29,20110329,2011,3,29,1,2,False,2010
2011-03-30,20110330,2011,3,30,1,3,False,2010
2011-03-31,20110331,2011,3,31,1,4,False,2010
2011-04-01,20110401,2011,4,1,2,5,False,2011
2011-04-02,20110402,2011,4,2,2,6,True,2011
2011-04-03,20110403,2011,4,3,2,7,True,2011
2011-04-04,20110404,2011,4,4,2,1,False,2011
2011-04-05,20110405,2011,4,5,2,2,False,2011
2011-04-06,20110406,2011,4,6,2,3,False,2011
2011-04-07,20110407,2011,4,7,2,4,False,2011
2011-04-08,20110408,2011,4,8,2,5,False,2011
2011-04-09,20110409,2011,4,9,2,6,True,2011
2011-04-10,20110410,2011,4,10,2,7,True,2011
2011-04-11,20110411,2011,4,11,2,1,False,2011
2011-04-12,20110412,2011,4,12,2,2,False,2011
2011-04-13,20110413,2011,4,13,2,3,False,2011
2011-04-14,20110414,2011,4,14,2,4,False,2011
2011-04-15,20110415,2011,4,15,2,5,False,2011
2011-04-16,20110416,2011,4,16,2,6,True,2011
2011-04-17,20110417,2011,4,17,2,7,True,2011
2011-04-18,20110418,2011,4,18,2,1,False,2011
2011-04-19,20110419,2011,4,19,2,2,False,2011
2011-04-20,20110420,2011,4,20,2,3,False,2011
2011-04-21,20110421,2011,4,21,2,4,False,2011
2011-04-22,20110422,2011,4,22,2,5,False,2011
2011-04-23,20110423,2011,4,23,2,6,True,2011
2011-04-24,20110424,2011,4,24,2,7,True,2011
2011-04-25,20110425,2011,4,25,2,1,False,2011
2011-04-26,20110426,2011,4,26,2,2,False,2011
2011-04-27,20110427,2011,4,27,2,3,False,2011
2011-04-28,20110428,2011,4,28,2,4,False,2011
2011-04-29,20110429,2011,4,29,2,5,False,2011
2011-04-30,20110430,2011,4,30,2,6,True,2011
2011-05-01,20110501,2011,5,1,2,7,True,2011
2011-05-02,20110502,2011,5,2,2,1,False,2011
2011-05-03,20110503,2011,5,3,2,2,False,2011
2011-05-04,20110504,2011,5,4,2,3,False,2011
2011-05-05,20110505,2011,5,5,2,4,False,2011
2011-05-06,20110506,2011,5,6,2,5,False,2011
2011-05-07,20110507,2011,5,7,2,6,True,2011
2011-05-08,20110508,2011,5,8,2,7,True,2011
2011-05-09,20110509,2011,5,9,2,1,False,2011
2011-05-10,20110510,2011,5,10,2,2,False,2011
2011-05-11,20110511,2011,5,11,2,3,False,2011
2011-05-12,20110512,2011,5,12,2,4,False,2011
2011-05-13,20110513,2011,5,13,2,5,False,2011
2011-05-14,20110514,2011,5,14,2,6,True,2011
2011-05-15,20110515,2011,5,15,2,7,True,2011
2011-05-16,20110516,2011,5,16,2,1,False,2011
2011-05-17,20110517,2011,5,17,2,2,False,2011
2011-05-18,20110518,2011,5,18,2,3,False,2011
2011-05-19,20110519,2011,5,19,2,4,False,2011
2011-05-20,20110520,2011,5,20,2,5,False,2011
2011-05-21,20110521,2011,5,21,2,6,True,2011
2011-05-22,20110522,2011,5,22,2,7,True,2011
2011-05-23,20110523,2011,5,23,2,1,False,2011
2011-05-24,20110524,2011,5,24,2,2,False,2011
2011-05-25,20110525,2011,5,25,2,3,False,2011
2011-05-26,20110526,2011,5,26,2,4,False,2011
2011-05-27,20110527,2011,5,27,2,5,False,2011
2011-05-28,20110528,2011,5,28,2,6,True,2011
2011-05-29,20110529,2011,5,29,2,7,True,2011
2011-05-30,20110530,2011,5,30,2,1,False,2011
2011-05-31,20110531,2011,5,31,2,2,False,2011
2011-06-01,20110601,2011,6,1,2,3,False,2011
2011-06-02,20110602,2011,6,2,2,4,False,2011
2011-06-03,20110603,2011,6,3,2,5,False,2011
2011-06-04,20110604,2011,6,4,2,6,True,2011
2011-06-05,20110605,2011,6,5,2,7,True,2011
2011-06-06,20110606,2011,6,6,2,1,False,2011
2011-06-07,20110607,2011,6,7,2,2,False,2011
2011-06-08,20110608,2011,6,8,2,3,False,2011
2011-06-09,20110609,2011,6,9,2,4,False,2011
2011-06-10,20110610,2011,6,10,2,5,False,2011
2011-06-11,20110611,2011,6,11,2,6,True,2011
2011-06-12,20110612,2011,6,12,2,7,True,2011
2011-06-13,20110613,2011,6,13,2,1,False,2011
2011-06-14,20110614,2011,6,14,2,2,False,2011
2011-06-15,20110615,2011,6,15,2,3,False,2011
2011-06-16,20110616,2011,6,16,2,4,False,2011
2011-06-17,20110617,2011,6,17,2,5,False,2011
2011-06-18,20110618,2011,6,18,2,6,True,2011
2011-06-19,20110619,2011,6,19,2,7,True,2011
2011-06-20,20110620,2011,6,20,2,1,False,2011
2011-06-21,20110621,2011,6,21,2,2,False,2011
2011-06-22,20110622,2011,6,22,2,3,False,2011
2011-06-23,20110623,2011,6,23,2,4,False,2011
2011-06-24,20110624,2011,6,24,2,5,False,2011
2011-06-25,20110625,2011,6,25,2,6,True,2011
2011-06-26,20110626,2011,6,26,2,7,True,2011
2011-06-27,20110627,2011,6,27,2,1,False,2011
2011-06-28,20110628,2011,6,28,2,2,False,2011
2011-06-29,20110629,2011,6,29,2,3,False,2011
2011-06-30,20110630,2011,6,30,2,4,False,2011
2011-07-01,20110701,2011,7,1,3,5,False,2011
2011-07-02,20110702,2011,7,2,3,6,True,2011
2011-07-03,20110703,2011,7,3,3,7,True,2011
2011-07-04,20110704,2011,7,4,3,1,False,2011
2011-07-05,20110705,2011,7,5,3,2,False,2011
2011-07-06,20110706,2011,7,6,3,3,False,2011
2011-07-07,20110707,2011,7,7,3,4,False,2011
2011-07-08,20110708,2011,7,8,3,5,False,2011
2011-07-09,20110709,2011,7,9,3,6,True,2011
2011-07-10,20110710,2011,7,10,3,7,True,2011
2011-07-11,20110711,2011,7,11,3,1,False,2011
2011-07-12,20110712,2011,7,12,3,2,False,2011
2011-07-13,20110713,2011,7,13,3,3,False,2011
2011-07-14,20110714,2011,7,14,3,4,False,2011
2011-07-15,20110715,2011,7,15,3,5,False,2011
2011-07-16,20110716,2011,7,16,3,6,True,2011
2011-07-17,20110717,2011,7,17,3,7,True,2011
2011-07-18,20110718,2011,7,18,3,1,False,2011
2011-07-19,20110719,2011,7,19,3,2,False,2011
2011-07-20,20110720,2011,7,20,3,3,False,2011
2011-07-21,20110721,2011,7,21,3,4,False,2011
2011-07-22,20110722,2011,7,22,3,5,False,2011
2011-07-23,20110723,2011,7,23,3,6,True,2011
2011-07-24,20110724,2011,7,24,3,7,True,2011
2011-07-25,20110725,2011,7,25,3,1,False,2011
2011-07-26,20110726,2011,7,26,3,2,False,2011
2011-07-27,20110727,2011,7,27,3,3,False,2011
2011-07-28,20110728,2011,7,28,3,4,False,2011
2011-07-29,20110729,2011,7,29,3,5,False,2011
2011-07-30,20110730,2011,7,30,3,6,True,2011
2011-07-31,20110731,2011,7,31,3,7,True,2011
2011-08-01,20110801,2011,8,1,3,1,False,2011
2011-08-02,20110802,2011,8,2,3,2,False,2011
2011-08-03,20110803,2011,8,3,3,3,False,2011
2011-08-04,20110804,2011,8,4,3,4,False,2011
2011-08-05,20110805,2011,8,5,3,5,False,2011
2011-08-06,20110806,2011,8,6,3,6,True,2011
2011-08-07,20110807,2011,8,7,3,7,True,2011
2011-08-08,20110808,2011,8,8,3,1,False,2011
2011-08-09,20110809,2011,8,9,3,2,False,2011
2011-08-10,20110810,2011,8,10,3,3,False,2011
2011-08-11,20110811,2011,8,11,3,4,False,2011
2011-08-12,20110812,2011,8,12,3,5,False,2011
2011-08-13,20110813,2011,8,13,3,6,True,2011
2011-08-14,20110814,2011,8,14,3,7,True,2011
2011-08-15,20110815,2011,8,15,3,1,False,2011
2011-08-16,20110816,2011,8,16,3,2,False,2011
2011-08-17,20110817,2011,8,17,3,3,False,2011
2011-08-18,20110818,2011,8,18,3,4,False,2011
2011-08-19,20110819,2011,8,19,3,5,False,2011
2011-08-20,20110820,2011,8,20,3,6,True,2011
2011-08-21,20110821,2011,8,21,3,7,True,2011
2011-08-22,20110822,2011,8,22,3,1,False,2011
2011-08-23,20110823,2011,8,23,3,2,False,2011
2011-08-24,20110824,2011,8,24,3,3,False,2011
2011-08-25,20110825,2011,8,25,3,4,False,2011
2011-08-26,20110826,2011,8,26,3,5,False,2011
2011-08-27,20110827,2011,8,27,3,6,True,2011
2011-08-28,20110828,2011,8,28,3,7,True,2011
2011-08-29,20110829,2011,8,29,3,1,False,2011
2011-08-30,20110830,2011,8,30,3,2,False,2011
2011-08-31,20110831,2011,8,31,3,3,False,2011
2011-09-01,20110901,2011,9,1,3,4,False,2011
2011-09-02,20110902,2011,9,2,3,5,False,2011
2011-09-03,20110903,2011,9,3,3,6,True,2011
2011-09-04,20110904,2011,9,4,3,7,True,2011
2011-09-05,20110905,2011,9,5,3,1,False,2011
2011-09-06,20110906,2011,9,6,3,2,False,2011
2011-09-07,20110907,2011,9,7,3,3,False,2011
2011-09-08,20110908,2011,9,8,3,4,False,2011
2011-09-09,20110909,2011,9,9,3,5,False,2011
2011-09-10,20110910,2011,9,10,3,6,True,2011
2011-09-11,20110911,2011,9,11,3,7,True,2011
2011-09-12,20110912,2011,9,12,3,1,False,2011
2011-09-13,20110913,2011,9,13,3,2,False,2011
2011-09-14,20110914,2011,9,14,3,3,False,2011
2011-09-15,20110915,2011,9,15,3,4,False,2011
2011-09-16,20110916,2011,9,16,3,5,False,2011
2011-09-17,20110917,2011,9,17,3,6,True,2011
2011-09-18,20110918,2011,9,18,3,7,True,2011
2011-09-19,20110919,2011,9,19,3,1,False,2011
2011-09-20,20110920,2011,9,20,3,2,False,2011
2011-09-21,20110921,2011,9,21,3,3,False,2011
2011-09-22,20110922,2011,9,22,3,4,False,2011
2011-09-23,20110923,2011,9,23,3,5,False,2011
2011-09-24,20110924,2011,9,24,3,6,True,2011
2011-09-25,20110925,2011,9,25,3,7,True,2011
2011-09-26,20110926,2011,9,26,3,1,False,2011
2011-09-27,20110927,2011,9,27,3,2,False,2011
2011-09-28,20110928,2011,9,28,3,3,False,2011
2011-09-29,20110929,2011,9,29,3,4,False,2011
2011-09-30,20110930,2011,9,30,3,5,False,2011
2011-10-01,20111001,2011,10,1,4,6,True,2011
2011-10-02,20111002,2011,10,2,4,7,True,2011
2011-10-03,20111003,2011,10,3,4,1,False,2011
2011-10-04,20111004,2011,10,4,4,2,False,2011
2011-10-05,20111005,2011,10,5,4,3,False,2011
2011-10-06,20111006,2011,10,6,4,4,False,2011
2011-10-07,20111007,2011,10,7,4,5,False,2011
2011-10-08,20111008,2011,10,8,4,6,True,2011
2011-10-09,20111009,2011,10,9,4,7,True,2011
2011-10-10,20111010,2011,10,10,4,1,False,2011
2011-10-11,20111011,2011,10,11,4,2,False,2011
2011-10-12,20111012,2011,10,12,4,3,False,2011
2011-10-13,20111013,2011,10,13,4,4,False,2011
2011-10-14,20111014,2011,10,14,4,5,False,2011
2011-10-15,20111015,2011,10,15,4,6,True,2011
2011-10-16,20111016,2011,10,16,4,7,True,2011
2011-10-17,20111017,2011,10,17,4,1,False,2011
2011-10-18,20111018,2011,10,18,4,2,False,2011
2011-10-19,20111019,2011,10,19,4,3,False,2011
2011-10-20,20111020,2011,10,20,4,4,False,2011
2011-10-21,20111021,2011,10,21,4,5,False,2011
2011-10-22,20111022,2011,10,22,4,6,True,2011
2011-10-23,20111023,2011,10,23,4,7,True,2011
2011-10-24,20111024,2011,10,24,4,1,False,2011
2011-10-25,20111025,2011,10,25,4,2,False,2011
2011-10-26,20111026,2011,10,26,4,3,False,2011
2011-10-27,20111027,2011,10,27,4,4,False,2011
2011-10-28,20111028,2011,10,28,4,5,False,2011
2011-10-29,20111029,2011,10,29,4,6,True,2011
2011-10-30,20111030,2011,10,30,4,7,True,2011
2011-10-31,20111031,2011,10,31,4,1,False,2011
2011-11-01,20111101,2011,11,1,4,2,False,2011
2011-11-02,20111102,2011,11,2,4,3,False,2011
2011-11-03,20111103,2011,11,3,4,4,False,2011
2011-11-04,20111104,2011,11,4,4,5,False,2011
2011-11-05,20111105,2011,11,5,4,6,True,2011
2011-11-06,20111106,2011,11,6,4,7,True,2011
2011-11-07,20111107,2011,11,7,4,1,False,2011
2011-11-08,20111108,2011,11,8,4,2,False,2011
2011-11-09,20111109,2011,11,9,4,3,False,2011
2011-11-10,20111110,2011,11,10,4,4,False,2011
2011-11-11,20111111,2011,11,11,4,5,False,2011
2011-11-12,20111112,2011,11,12,4,6,True,2011
2011-11-13,20111113,2011,11,13,4,7,True,2011
2011-11-14,20111114,2011,11,14,4,1,False,2011
2011-11-15,20111115,2011,11,15,4,2,False,2011
2011-11-16,20111116,2011,11,16,4,3,False,2011
2011-11-17,20111117,2011,11,17,4,4,False,2011
2011-11-18,20111118,2011,11,18,4,5,False,2011
2011-11-19,20111119,2011,11,19,4,6,True,2011
2011-11-20,20111120,2011,11,20,4,7,True,2011
2011-11-21,20111121,2011,11,21,4,1,False,2011
2011-11-22,20111122,2011,11,22,4,2,False,2011
2011-11-23,20111123,2011,11,23,4,3,False,2011
2011-11-24,20111124,2011,11,24,4,4,False,2011
2011-11-25,20111125,2011,11,25,4,5,False,2011
2011-11-26,20111126,2011,11,26,4,6,True,2011
2011-11-27,20111127,2011,11,27,4,7,True,2011
2011-11-28,20111128,2011,11,28,4,1,False,2011
2011-11-29,20111129,2011,11,29,4,2,False,2011
2011-11-30,20111130,2011,11,30,4,3,False,2011
2011-12-01,20111201,2011,12,1,4,4,False,2011
2011-12-02,20111202,2011,12,2,4,5,False,2011
2011-12-03,20111203,2011,12,3,4,6,True,2011
2011-12-04,20111204,2011,12,4,4,7,True,2011
2011-12-05,20111205,2011,12,5,4,1,False,2011
2011-12-06,20111206,2011,12,6,4,2,False,2011
2011-12-07,20111207,2011,12,7,4,3,False,2011
2011-12-08,20111208,2011,12,8,4,4,False,2011
2011-12-09,20111209,2011,12,9,4,5,False,2011
2011-12-10,20111210,2011,12,10,4,6,True,2011
2011-12-11,20111211,2011,12,11,4,7,True,2011
2011-12-12,20111212,2011,12,12,4,1,False,2011
2011-12-13,20111213,2011,12,13,4,2,False,2011
2011-12-14,20111214,2011,12,14,4,3,False,2011
2011-12-15,20111215,2011,12,15,4,4,False,2011
2011-12-16,20111216,2011,12,16,4,5,False,2011
2011-12-17,20111217,2011,12,17,4,6,True,2011
2011-12-18,20111218,2011,12,18,4,7,True,2011
2011-12-19,20111219,2011,12,19,4,1,False,2011
2011-12-20,20111220,2011,12,20,4,2,False,2011
2011-12-21,20111221,2011,12,21,4,3,False,2011
2011-12-22,20111222,2011,12,22,4,4,False,2011
2011-12-23,20111223,2011,12,23,4,5,False,2011
2011-12-24,20111224,2011,12,24,4,6,True,2011
2011-12-25,20111225,2011,12,25,4,7,True,2011
2011-12-26,20111226,2011,12,26,4,1,False,2011
2011-12-27,20111227,2011,12,27,4,2,False,2011
2011-12-28,20111228,2011,12,28,4,3,False,2011
2011-12-29,20111229,2011,12,29,4,4,False,2011
2011-12-30,20111230,2011,12,30,4,5,False,2011
2011-12-31,20111231,2011,12,31,4,6,True,2011
2012-01-01,20120101,2012,1,1,1,7,True,2011
2012-01-02,20120102,2012,1,2,1,1,False,2011
2012-01-03,20120103,2012,1,3,1,2,False,2011
2012-01-04,20120104,2012,1,4,1,3,False,2011
2012-01-05,20120105,2012,1,5,1,4,False,2011
2012-01-06,20120106,2012,1,6,1,5,False,2011
2012-01-07,20120107,2012,1,7,1,6,True,2011
2012-01-08,20120108,2012,1,8,1,7,True,2011
2012-01-09,20120109,2012,1,9,1,1,False,2011
2012-01-10,20120110,2012,1,10,1,2,False,2011
2012-01-11,20120111,2012,1,11,1,3,False,2011
2012-01-12,20120112,2012,1,12,1,4,False,2011
2012-01-13,20120113,2012,1,13,1,5,False,2011
2012-01-14,20120114,2012,1,14,1,6,True,2011
2012-01-15,20120115,2012,1,15,1,7,True,2011
2012-01-16,20120116,2012,1,16,1,1,False,2011
2012-01-17,20120117,2012,1,17,1,2,False,2011
2012-01-18,20120118,2012,1,18,1,3,False,2011
2012-01-19,20120119,2012,1,19,1,4,False,2011
2012-01-20,20120120,2012,1,20,1,5,False,2011
2012-01-21,20120121,2012,1,21,1,6,True,2011
2012-01-22,20120122,2012,1,22,1,7,True,2011
2012-01-23,20120123,2012,1,23,1,1,False,2011
2012-01-24,20120124,2012,1,24,1,2,False,2011
2012-01-25,20120125,2012,1,25,1,3,False,2011
2012-01-26,20120126,2012,1,26,1,4,False,2011
2012-01-27,20120127,2012,1,27,1,5,False,2011
2012-01-28,20120128,2012,1,28,1,6,True,2011
2012-01-29,20120129,2012,1,29,1,7,True,2011
2012-01-30,20120130,2012,1,30,1,1,False,2011
2012-01-31,20120131,2012,1,31,1,2,False,2011
2012-02-01,20120201,2012,2,1,1,3,False,2011
2012-02-02,20120202,2012,2,2,1,4,False,2011
2012-02-03,20120203,2012,2,3,1,5,False,2011
2012-02-04,20120204,2012,2,4,1,6,True,2011
2012-02-05,20120205,2012,2,5,1,7,True,2011
2012-02-06,20120206,2012,2,6,1,1,False,2011
2012-02-07,20120207,2012,2,7,1,2,False,2011
2012-02-08,20120208,2012,2,8,1,3,False,2011
2012-02-09,20120209,2012,2,9,1,4,False,2011
2012-02-10,20120210,2012,2,10,1,5,False,2011
2012-02-11,20120211,2012,2,11,1,6,True,2011
2012-02-12,20120212,2012,2,12,1,7,True,2011
2012-02-13,20120213,2012,2,13,1,1,False,2011
2012-02-14,20120214,2012,2,14,1,2,False,2011
2012-02-15,20120215,2012,2,15,1,3,False,2011
2012-02-16,20120216,2012,2,16,1,4,False,2011
2012-02-17,20120217,2012,2,17,1,5,False,2011
2012-02-18,20120218,2012,2,18,1,6,True,2011
2012-02-19,20120219,2012,2,19,1,7,True,2011
2012-02-20,20120220,2012,2,20,1,1,False,2011
2012-02-21,20120221,2012,2,21,1,2,False,2011
2012-02-22,20120222,2012,2,22,1,3,False,2011
2012-02-23,20120223,2012,2,23,1,4,False,2011
2012-02-24,20120224,2012,2,24,1,5,False,2011
2012-02-25,20120225,2012,2,25,1,6,True,2011
2012-02-26,20120226,2012,2,26,1,7,True,2011
2012-02-27,20120227,2012,2,27,1,1,False,2011
2012-02-28,20120228,2012,2,28,1,2,False,2011
2012-02-29,20120229,2012,2,29,1,3,False,2011
2012-03-01,20120301,2012,3,1,1,4,False,2011
2012-03-02,20120302,2012,3,2,1,5,False,2011
2012-03-03,20120303,2012,3,3,1,6,True,2011
2012-03-04,20120304,2012,3,4,1,7,True,2011
2012-03-05,20120305,2012,3,5,1,1,False,2011
2012-03-06,20120306,2012,3,6,1,2,False,2011
2012-03-07,20120307,2012,3,7,1,3,False,2011
2012-03-08,20120308,2012,3,8,1,4,False,2011
2012-03-09,20120309,2012,3,9,1,5,False,2011
2012-03-10,20120310,2012,3,10,1,6,True,2011
2012-03-11,20120311,2012,3,11,1,7,True,2011
2012-03-12,20120312,2012,3,12,1,1,False,2011
2012-03-13,20120313,2012,3,13,1,2,False,2011
2012-03-14,20120314,2012,3,14,1,3,False,2011
2012-03-15,20120315,2012,3,15,1,4,False,2011
2012-03-16,20120316,2012,3,16,1,5,False,2011
2012-03-17,20120317,2012,3,17,1,6,True,2011
2012-03-18,20120318,2012,3,18,1,7,True,2011
2012-03-19,20120319,2012,3,19,1,1,False,2011
2012-03-20,20120320,2012,3,20,1,2,False,2011
2012-03-21,20120321,2012,3,21,1,3,False,2011
2012-03-22,20120322,2012,3,22,1,4,False,2011
2012-03-23,20120323,2012,3,23,1,5,False,2011
2012-03-24,20120324,2012,3,24,1,6,True,2011
2012-03-25,20120325,2012,3,25,1,7,True,2011
2012-03-26,20120326,2012,3,26,1,1,False,2011
2012-03-27,20120327,2012,3,27,1,2,False,2011
2012-03-28,20120328,2012,3,28,1,3,False,2011
2012-03-29,20120329,2012,3,29,1,4,False,2011
2012-03-30,20120330,2012,3,30,1,5,False,2011
2012-03-31,20120331,2012,3,31,1,6,True,2011
2012-04-01,20120401,2012,4,1,2,7,True,2012
2012-04-02,20120402,2012,4,2,2,1,False,2012
2012-04-03,20120403,2012,4,3,2,2,False,2012
2012-04-04,20120404,2012,4,4,2,3,False,2012
2012-04-05,20120405,2012,4,5,2,4,False,2012
2012-04-06,20120406,2012,4,6,2,5,False,2012
2012-04-07,20120407,2012,4,7,2,6,True,2012
2012-04-08,20120408,2012,4,8,2,7,True,2012
2012-04-09,20120409,2012,4,9,2,1,False,2012
2012-04-10,20120410,2012,4,10,2,2,False,2012
2012-04-11,20120411,2012,4,11,2,3,False,2012
2012-04-12,20120412,2012,4,12,2,4,False,2012
2012-04-13,20120413,2012,4,13,2,5,False,2012
2012-04-14,20120414,2012,4,14,2,6,True,2012
2012-04-15,20120415,2012,4,15,2,7,True,2012
2012-04-16,20120416,2012,4,16,2,1,False,2012
2012-04-17,20120417,2012,4,17,2,2,False,2012
2012-04-18,20120418,2012,4,18,2,3,False,2012
2012-04-19,20120419,2012,4,19,2,4,False,2012
2012-04-20,20120420,2012,4,20,2,5,False,2012
2012-04-21,20120421,2012,4,21,2,6,True,2012
2012-04-22,20120422,2012,4,22,2,7,True,2012
2012-04-23,20120423,2012,4,23,2,1,False,2012
2012-04-24,20120424,2012,4,24,2,2,False,2012
2012-04-25,20120425,2012,4,25,2,3,False,2012
2012-04-26,20120426,2012,4,26,2,4,False,2012
2012-04-27,20120427,2012,4,27,2,5,False,2012
2012-04-28,20120428,2012,4,28,2,6,True,2012
2012-04-29,20120429,2012,4,29,2,7,True,2012
2012-04-30,20120430,2012,4,30,2,1,False,2012
2012-05-01,20120501,2012,5,1,2,2,False,2012
2012-05-02,20120502,2012,5,2,2,3,False,2012
2012-05-03,20120503,2012,5,3,2,4,False,2012
2012-05-04,20120504,2012,5,4,2,5,False,2012
2012-05-05,20120505,2012,5,5,2,6,True,2012
2012-05-06,20120506,2012,5,6,2,7,True,2012
2012-05-07,20120507,2012,5,7,2,1,False,2012
2012-05-08,20120508,2012,5,8,2,2,False,2012
2012-05-09,20120509,2012,5,9,2,3,False,2012
2012-05-10,20120510,2012,5,10,2,4,False,2012
2012-05-11,20120511,2012,5,11,2,5,False,2012
2012-05-12,20120512,2012,5,12,2,6,True,2012
2012-05-13,20120513,2012,5,13,2,7,True,2012
2012-05-14,20120514,2012,5,14,2,1,False,2012
2012-05-15,20120515,2012,5,15,2,2,False,2012
2012-05-16,20120516,2012,5,16,2,3,False,2012
2012-05-17,20120517,2012,5,17,2,4,False,2012
2012-05-18,20120518,2012,5,18,2,5,False,2012
2012-05-19,20120519,2012,5,19,2,6,True,2012
2012-05-20,20120520,2012,5,20,2,7,True,2012
2012-05-21,20120521,2012,5,21,2,1,False,2012
2012-05-22,20120522,2012,5,22,2,2,False,2012
2012-05-23,20120523,2012,5,23,2,3,False,2012
2012-05-24,20120524,2012,5,24,2,4,False,2012
2012-05-25,20120525,2012,5,25,2,5,False,2012
2012-05-26,20120526,2012,5,26,2,6,True,2012
2012-05-27,20120527,2012,5,27,2,7,True,2012
2012-05-28,20120528,2012,5,28,2,1,False,2012
2012-05-29,20120529,2012,5,29,2,2,False,2012
2012-05-30,20120530,2012,5,30,2,3,False,2012
2012-05-31,20120531,2012,5,31,2,4,False,2012
2012-06-01,20120601,2012,6,1,2,5,False,2012
2012-06-02,20120602,2012,6,2,2,6,True,2012
2012-06-03,20120603,2012,6,3,2,7,True,2012
2012-06-04,20120604,2012,6,4,2,1,False,2012
2012-06-05,20120605,2012,6,5,2,2,False,2012
2012-06-06,20120606,2012,6,6,2,3,False,2012
2012-06-07,20120607,2012,6,7,2,4,False,2012
2012-06-08,20120608,2012,6,8,2,5,False,2012
2012-06-09,20120609,2012,6,9,2,6,True,2012
2012-06-10,20120610,2012,6,10,2,7,True,2012
2012-06-11,20120611,2012,6,11,2,1,False,2012
2012-06-12,20120612,2012,6,12,2,2,False,2012
2012-06-13,20120613,2012,6,13,2,3,False,2012
2012-06-14,20120614,2012,6,14,2,4,False,2012
2012-06-15,20120615,2012,6,15,2,5,False,2012
2012-06-16,20120616,2012,6,16,2,6,True,2012
2012-06-17,20120617,2012,6,17,2,7,True,2012
2012-06-18,20120618,2012,6,18,2,1,False,2012
2012-06-19,20120619,2012,6,19,2,2,False,2012
2012-06-20,20120620,2012,6,20,2,3,False,2012
2012-06-21,20120621,2012,6,21,2,4,False,2012
2012-06-22,20120622,2012,6,22,2,5,False,2012
2012-06-23,20120623,2012,6,23,2,6,True,2012
2012-06-24,20120624,2012,6,24,2,7,True,2012
2012-06-25,20120625,2012,6,25,2,1,False,2012
2012-06-26,20120626,2012,6,26,2,2,False,2012
2012-06-27,20120627,2012,6,27,2,3,False,2012
2012-06-28,20120628,2012,6,28,2,4,False,2012
2012-06-29,20120629,2012,6,29,2,5,False,2012
2012-06-30,20120630,2012,6,30,2,6,True,2012
2012-07-01,20120701,2012,7,1,3,7,True,2012
2012-07-02,20120702,2012,7,2,3,1,False,2012
2012-07-03,20120703,2012,7,3,3,2,False,2012
2012-07-04,20120704,2012,7,4,3,3,False,2012
2012-07-05,20120705,2012,7,5,3,4,False,2012
2012-07-06,20120706,2012,7,6,3,5,False,2012
2012-07-07,20120707,2012,7,7,3,6,True,2012
2012-07-08,20120708,2012,7,8,3,7,True,2012
2012-07-09,20120709,2012,7,9,3,1,False,2012
2012-07-10,20120710,2012,7,10,3,2,False,2012
2012-07-11,20120711,2012,7,11,3,3,False,2012
2012-07-12,20120712,2012,7,12,3,4,False,2012
2012-07-13,20120713,2012,7,13,3,5,False,2012
2012-07-14,20120714,2012,7,14,3,6,True,2012
2012-07-15,20120715,2012,7,15,3,7,True,2012
2012-07-16,20120716,2012,7,16,3,1,False,2012
2012-07-17,20120717,2012,7,17,3,2,False,2012
2012-07-18,20120718,2012,7,18,3,3,False,2012
2012-07-19,20120719,2012,7,19,3,4,False,2012
2012-07-20,20120720,2012,7,20,3,5,False,2012
2012-07-21,20120721,2012,7,21,3,6,True,2012
2012-07-22,20120722,2012,7,22,3,7,True,2012
2012-07-23,20120723,2012,7,23,3,1,False,2012
2012-07-24,20120724,2012,7,24,3,2,False,2012
2012-07-25,20120725,2012,7,25,3,3,False,2012
2012-07-26,20120726,2012,7,26,3,4,False,2012
2012-07-27,20120727,2012,7,27,3,5,False,2012
2012-07-28,20120728,2012,7,28,3,6,True,2012
2012-07-29,20120729,2012,7,29,3,7,True,2012
2012-07-30,20120730,2012,7,30,3,1,False,2012
2012-07-31,20120731,2012,7,31,3,2,False,2012
2012-08-01,20120801,2012,8,1,3,3,False,2012
2012-08-02,20120802,2012,8,2,3,4,False,2012
2012-08-03,20120803,2012,8,3,3,5,False,2012
2012-08-04,20120804,2012,8,4,3,6,True,2012
2012-08-05,20120805,2012,8,5,3,7,True,2012
2012-08-06,20120806,2012,8,6,3,1,False,2012
2012-08-07,20120807,2012,8,7,3,2,False,2012
2012-08-08,20120808,2012,8,8,3,3,False,2012
2012-08-09,20120809,2012,8,9,3,4,False,2012
2012-08-10,20120810,2012,8,10,3,5,False,2012
2012-08-11,20120811,2012,8,11,3,6,True,2012
2012-08-12,20120812,2012,8,12,3,7,True,2012
2012-08-13,20120813,2012,8,13,3,1,False,2012
2012-08-14,20120814,2012,8,14,3,2,False,2012
2012-08-15,20120815,2012,8,15,3,3,False,2012
2012-08-16,20120816,2012,8,16,3,4,False,2012
2012-08-17,20120817,2012,8,17,3,5,False,2012
2012-08-18,20120818,2012,8,18,3,6,True,2012
2012-08-19,20120819,2012,8,19,3,7,True,2012
2012-08-20,20120820,2012,8,20,3,1,False,2012
2012-08-21,20120821,2012,8,21,3,2,False,2012
2012-08-22,20120822,2012,8,22,3,3,False,2012
2012-08-23,20120823,2012,8,23,3,4,False,2012
2012-08-24,20120824,2012,8,24,3,5,False,2012
2012-08-25,20120825,2012,8,25,3,6,True,2012
2012-08-26,20120826,2012,8,26,3,7,True,2012
2012-08-27,20120827,2012,8,27,3,1,False,2012
2012-08-28,20120828,2012,8,28,3,2,False,2012
2012-08-29,20120829,2012,8,29,3,3,False,2012
2012-08-30,20120830,2012,8,30,3,4,False,2012
2012-08-31,20120831,2012,8,31,3,5,False,2012
2012-09-01,20120901,2012,9,1,3,6,True,2012
2012-09-02,20120902,2012,9,2,3,7,True,2012
2012-09-03,20120903,2012,9,3,3,1,False,2012
2012-09-04,20120904,2012,9,4,3,2,False,2012
2012-09-05,20120905,2012,9,5,3,3,False,2012
2012-09-06,20120906,2012,9,6,3,4,False,2012
2012-09-07,20120907,2012,9,7,3,5,False,2012
2012-09-08,20120908,2012,9,8,3,6,True,2012
2012-09-09,20120909,2012,9,9,3,7,True,2012
2012-09-10,20120910,2012,9,10,3,1,False,2012
2012-09-11,20120911,2012,9,11,3,2,False,2012
2012-09-12,20120912,2012,9,12,3,3,False,2012
2012-09-13,20120913,2012,9,13,3,4,False,2012
2012-09-14,20120914,2012,9,14,3,5,False,2012
2012-09-15,20120915,2012,9,15,3,6,True,2012
2012-09-16,20120916,2012,9,16,3,7,True,2012
2012-09-17,20120917,2012,9,17,3,1,False,2012
2012-09-18,20120918,2012,9,18,3,2,False,2012
2012-09-19,20120919,2012,9,19,3,3,False,2012
2012-09-20,20120920,2012,9,20,3,4,False,2012
2012-09-21,20120921,2012,9,21,3,5,False,2012
2012-09-22,20120922,2012,9,22,3,6,True,2012
2012-09-23,20120923,2012,9,23,3,7,True,2012
2012-09-24,20120924,2012,9,24,3,1,False,2012
2012-09-25,20120925,2012,9,25,3,2,False,2012
2012-09-26,20120926,2012,9,26,3,3,False,2012
2012-09-27,20120927,2012,9,27,3,4,False,2012
2012-09-28,20120928,2012,9,28,3,5,False,2012
2012-09-29,20120929,2012,9,29,3,6,True,2012
2012-09-30,20120930,2012,9,30,3,7,True,2012
2012-10-01,20121001,2012,10,1,4,1,False,2012
2012-10-02,20121002,2012,10,2,4,2,False,2012
2012-10-03,20121003,2012,10,3,4,3,False,2012
2012-10-04,20121004,2012,10,4,4,4,False,2012
2012-10-05,20121005,2012,10,5,4,5,False,2012
2012-10-06,20121006,2012,10,6,4,6,True,2012
2012-10-07,20121007,2012,10,7,4,7,True,2012
2012-10-08,20121008,2012,10,8,4,1,False,2012
2012-10-09,20121009,2012,10,9,4,2,False,2012
2012-10-10,20121010,2012,10,10,4,3,False,2012
2012-10-11,20121011,2012,10,11,4,4,False,2012
2012-10-12,20121012,2012,10,12,4,5,False,2012
2012-10-13,20121013,2012,10,13,4,6,True,2012
2012-10-14,20121014,2012,10,14,4,7,True,2012
2012-10-15,20121015,2012,10,15,4,1,False,2012
2012-10-16,20121016,2012,10,16,4,2,False,2012
2012-10-17,20121017,2012,10,17,4,3,False,2012
2012-10-18,20121018,2012,10,18,4,4,False,2012
2012-10-19,20121019,2012,10,19,4,5,False,2012
2012-10-20,20121020,2012,10,20,4,6,True,2012
2012-10-21,20121021,2012,10,21,4,7,True,2012
2012-10-22,20121022,2012,10,22,4,1,False,2012
2012-10-23,20121023,2012,10,23,4,2,False,2012
2012-10-24,20121024,2012,10,24,4,3,False,2012
2012-10-25,20121025,2012,10,25,4,4,False,2012
2012-10-26,20121026,2012,10,26,4,5,False,2012
2012-10-27,20121027,2012,10,27,4,6,True,2012
2012-10-28,20121028,2012,10,28,4,7,True,2012
2012-10-29,20121029,2012,10,29,4,1,False,2012
2012-10-30,20121030,2012,10,30,4,2,False,2012
2012-10-31,20121031,2012,10,31,4,3,False,2012
2012-11-01,20121101,2012,11,1,4,4,False,2012
2012-11-02,20121102,2012,11,2,4,5,False,2012
2012-11-03,20121103,2012,11,3,4,6,True,2012
2012-11-04,20121104,2012,11,4,4,7,True,2012
2012-11-05,20121105,2012,11,5,4,1,False,2012
2012-11-06,20121106,2012,11,6,4,2,False,2012
2012-11-07,20121107,2012,11,7,4,3,False,2012
2012-11-08,20121108,2012,11,8,4,4,False,2012
2012-11-09,20121109,2012,11,9,4,5,False,2012
2012-11-10,20121110,2012,11,10,4,6,True,2012
2012-11-11,20121111,2012,11,11,4,7,True,2012
2012-11-12,20121112,2012,11,12,4,1,False,2012
2012-11-13,20121113,2012,11,13,4,2,False,2012
2012-11-14,20121114,2012,11,14,4,3,False,2012
2012-11-15,20121115,2012,11,15,4,4,False,2012
2012-11-16,20121116,2012,11,16,4,5,False,2012
2012-11-17,20121117,2012,11,17,4,6,True,2012
2012-11-18,20121118,2012,11,18,4,7,True,2012
2012-11-19,20121119,2012,11,19,4,1,False,2012
2012-11-20,20121120,2012,11,20,4,2,False,2012
2012-11-21,20121121,2012,11,21,4,3,False,2012
2012-11-22,20121122,2012,11,22,4,4,False,2012
2012-11-23,20121123,2012,11,23,4,5,False,2012
2012-11-24,20121124,2012,11,24,4,6,True,2012
2012-11-25,20121125,2012,11,25,4,7,True,2012
2012-11-26,20121126,2012,11,26,4,1,False,2012
2012-11-27,20121127,2012,11,27,4,2,False,2012
2012-11-28,20121128,2012,11,28,4,3,False,2012
2012-11-29,20121129,2012,11,29,4,4,False,2012
2012-11-30,20121130,2012,11,30,4,5,False,2012
2012-12-01,20121201,2012,12,1,4,6,True,2012
2012-12-02,20121202,2012,12,2,4,7,True,2012
2012-12-03,20121203,2012,12,3,4,1,False,2012
2012-12-04,20121204,2012,12,4,4,2,False,2012
2012-12-05,20121205,2012,12,5,4,3,False,2012
2012-12-06,20121206,2012,12,6,4,4,False,2012
2012-12-07,20121207,2012,12,7,4,5,False,2012
2012-12-08,20121208,2012,12,8,4,6,True,2012
2012-12-09,20121209,2012,12,9,4,7,True,2012
2012-12-10,20121210,2012,12,10,4,1,False,2012
2012-12-11,20121211,2012,12,11,4,2,False,2012
2012-12-12,20121212,2012,12,12,4,3,False,2012
2012-12-13,20121213,2012,12,13,4,4,False,2012
2012-12-14,20121214,2012,12,14,4,5,False,2012
2012-12-15,20121215,2012,12,15,4,6,True,2012
2012-12-16,20121216,2012,12,16,4,7,True,2012
2012-12-17,20121217,2012,12,17,4,1,False,2012
2012-12-18,20121218,2012,12,18,4,2,False,2012
2012-12-19,20121219,2012,12,19,4,3,False,2012
2012-12-20,20121220,2012,12,20,4,4,False,2012
2012-12-21,20121221,2012,12,21,4,5,False,2012
2012-12-22,20121222,2012,12,22,4,6,True,2012
2012-12-23,20121223,2012,12,23,4,7,True,2012
2012-12-24,20121224,2012,12,24,4,1,False,2012
2012-12-25,20121225,2012,12,25,4,2,False,2012
2012-12-26,20121226,2012,12,26,4,3,False,2012
2012-12-27,20121227,2012,12,27,4,4,False,2012
2012-12-28,20121228,2012,12,28,4,5,False,2012
2012-12-29,20121229,2012,12,29,4,6,True,2012
2012-12-30,20121230,2012,12,30,4,7,True,2012
2012-12-31,20121231,2012,12,31,4,1,False,2012
2013-01-01,20130101,2013,1,1,1,2,False,2012
2013-01-02,20130102,2013,1,2,1,3,False,2012
2013-01-03,20130103,2013,1,3,1,4,False,2012
2013-01-04,20130104,2013,1,4,1,5,False,2012
2013-01-05,20130105,2013,1,5,1,6,True,2012
2013-01-06,20130106,2013,1,6,1,7,True,2012
2013-01-07,20130107,2013,1,7,1,1,False,2012
2013-01-08,20130108,2013,1,8,1,2,False,2012
2013-01-09,20130109,2013,1,9,1,3,False,2012
2013-01-10,20130110,2013,1,10,1,4,False,2012
2013-01-11,20130111,2013,1,11,1,5,False,2012
2013-01-12,20130112,2013,1,12,1,6,True,2012
2013-01-13,20130113,2013,1,13,1,7,True,2012
2013-01-14,20130114,2013,1,14,1,1,False,2012
2013-01-15,20130115,2013,1,15,1,2,False,2012
2013-01-16,20130116,2013,1,16,1,3,False,2012
2013-01-17,20130117,2013,1,17,1,4,False,2012
2013-01-18,20130118,2013,1,18,1,5,False,2012
2013-01-19,20130119,2013,1,19,1,6,True,2012
2013-01-20,20130120,2013,1,20,1,7,True,2012
2013-01-21,20130121,2013,1,21,1,1,False,2012
2013-01-22,20130122,2013,1,22,1,2,False,2012
2013-01-23,20130123,2013,1,23,1,3,False,2012
2013-01-24,20130124,2013,1,24,1,4,False,2012
2013-01-25,20130125,2013,1,25,1,5,False,2012
2013-01-26,20130126,2013,1,26,1,6,True,2012
2013-01-27,20130127,2013,1,27,1,7,True,2012
2013-01-28,20130128,2013,1,28,1,1,False,2012
2013-01-29,20130129,2013,1,29,1,2,False,2012
2013-01-30,20130130,2013,1,30,1,3,False,2012
2013-01-31,20130131,2013,1,31,1,4,False,2012
2013-02-01,20130201,2013,2,1,1,5,False,2012
2013-02-02,20130202,2013,2,2,1,6,True,2012
2013-02-03,20130203,2013,2,3,1,7,True,2012
2013-02-04,20130204,2013,2,4,1,1,False,2012
2013-02-05,20130205,2013,2,5,1,2,False,2012
2013-02-06,20130206,2013,2,6,1,3,False,2012
2013-02-07,20130207,2013,2,7,1,4,False,2012
2013-02-08,20130208,2013,2,8,1,5,False,2012
2013-02-09,20130209,2013,2,9,1,6,True,2012
2013-02-10,20130210,2013,2,10,1,7,True,2012
2013-02-11,20130211,2013,2,11,1,1,False,2012
2013-02-12,20130212,2013,2,12,1,2,False,2012
2013-02-13,20130213,2013,2,13,1,3,False,2012
2013-02-14,20130214,2013,2,14,1,4,False,2012
2013-02-15,20130215,2013,2,15,1,5,False,2012
2013-02-16,20130216,2013,2,16,1,6,True,2012
2013-02-17,20130217,2013,2,17,1,7,True,2012
2013-02-18,20130218,2013,2,18,1,1,False,2012
2013-02-19,20130219,2013,2,19,1,2,False,2012
2013-02-20,20130220,2013,2,20,1,3,False,2012
2013-02-21,20130221,2013,2,21,1,4,False,2012
2013-02-22,20130222,2013,2,22,1,5,False,2012
2013-02-23,20130223,2013,2,23,1,6,True,2012
2013-02-24,20130224,2013,2,24,1,7,True,2012
2013-02-25,20130225,2013,2,25,1,1,False,2012
2013-02-26,20130226,2013,2,26,1,2,False,2012
2013-02-27,20130227,2013,2,27,1,3,False,2012
2013-02-28,20130228,2013,2,28,1,4,False,2012
2013-03-01,20130301,2013,3,1,1,5,False,2012
2013-03-02,20130302,2013,3,2,1,6,True,2012
2013-03-03,20130303,2013,3,3,1,7,True,2012
2013-03-04,20130304,2013,3,4,1,1,False,2012
2013-03-05,20130305,2013,3,5,1,2,False,2012
2013-03-06,20130306,2013,3,6,1,3,False,2012
2013-03-07,20130307,2013,3,7,1,4,False,2012
2013-03-08,20130308,2013,3,8,1,5,False,2012
2013-03-09,20130309,2013,3,9,1,6,True,2012
2013-03-10,20130310,2013,3,10,1,7,True,2012
2013-03-11,20130311,2013,3,11,1,1,False,2012
2013-03-12,20130312,2013,3,12,1,2,False,2012
2013-03-13,20130313,2013,3,13,1,3,False,2012
2013-03-14,20130314,2013,3,14,1,4,False,2012
2013-03-15,20130315,2013,3,15,1,5,False,2012
2013-03-16,20130316,2013,3,16,1,6,True,2012
2013-03-17,20130317,2013,3,17,1,7,True,2012
2013-03-18,20130318,2013,3,18,1,1,False,2012
2013-03-19,20130319,2013,3,19,1,2,False,2012
2013-03-20,20130320,2013,3,20,1,3,False,2012
2013-03-21,20130321,2013,3,21,1,4,False,2012
2013-03-22,20130322,2013,3,22,1,5,False,2012
2013-03-23,20130323,2013,3,23,1,6,True,2012
2013-03-24,20130324,2013,3,24,1,7,True,2012
2013-03-25,20130325,2013,3,25,1,1,False,2012
2013-03-26,20130326,2013,3,26,1,2,False,2012
2013-03-27,20130327,2013,3,27,1,3,False,2012
2013-03-28,20130328,2013,3,28,1,4,False,2012
2013-03-29,20130329,2013,3,29,1,5,False,2012
2013-03-30,20130330,2013,3,30,1,6,True,2012
2013-03-31,20130331,2013,3,31,1,7,True,2012
2013-04-01,20130401,2013,4,1,2,1,False,2013
2013-04-02,20130402,2013,4,2,2,2,False,2013
2013-04-03,20130403,2013,4,3,2,3,False,2013
2013-04-04,20130404,2013,4,4,2,4,False,2013
2013-04-05,20130405,2013,4,5,2,5,False,2013
2013-04-06,20130406,2013,4,6,2,6,True,2013
2013-04-07,20130407,2013,4,7,2,7,True,2013
2013-04-08,20130408,2013,4,8,2,1,False,2013
2013-04-09,20130409,2013,4,9,2,2,False,2013
2013-04-10,20130410,2013,4,10,2,3,False,2013
2013-04-11,20130411,2013,4,11,2,4,False,2013
2013-04-12,20130412,2013,4,12,2,5,False,2013
2013-04-13,20130413,2013,4,13,2,6,True,2013
2013-04-14,20130414,2013,4,14,2,7,True,2013
2013-04-15,20130415,2013,4,15,2,1,False,2013
2013-04-16,20130416,2013,4,16,2,2,False,2013
2013-04-17,20130417,2013,4,17,2,3,False,2013
2013-04-18,20130418,2013,4,18,2,4,False,2013
2013-04-19,20130419,2013,4,19,2,5,False,2013
2013-04-20,20130420,2013,4,20,2,6,True,2013
2013-04-21,20130421,2013,4,21,2,7,True,2013
2013-04-22,20130422,2013,4,22,2,1,False,2013
2013-04-23,20130423,2013,4,23,2,2,False,2013
2013-04-24,20130424,2013,4,24,2,3,False,2013
2013-04-25,20130425,2013,4,25,2,4,False,2013
2013-04-26,20130426,2013,4,26,2,5,False,2013
2013-04-27,20130427,2013,4,27,2,6,True,2013
2013-04-28,20130428,2013,4,28,2,7,True,2013
2013-04-29,20130429,2013,4,29,2,1,False,2013
2013-04-30,20130430,2013,4,30,2,2,False,2013
2013-05-01,20130501,2013,5,1,2,3,False,2013
2013-05-02,20130502,2013,5,2,2,4,False,2013
2013-05-03,20130503,2013,5,3,2,5,False,2013
2013-05-04,20130504,2013,5,4,2,6,True,2013
2013-05-05,20130505,2013,5,5,2,7,True,2013
2013-05-06,20130506,2013,5,6,2,1,False,2013
2013-05-07,20130507,2013,5,7,2,2,False,2013
2013-05-08,20130508,2013,5,8,2,3,False,2013
2013-05-09,20130509,2013,5,9,2,4,False,2013
2013-05-10,20130510,2013,5,10,2,5,False,2013
2013-05-11,20130511,2013,5,11,2,6,True,2013
2013-05-12,20130512,2013,5,12,2,7,True,2013
2013-05-13,20130513,2013,5,13,2,1,False,2013
2013-05-14,20130514,2013,5,14,2,2,False,2013
2013-05-15,20130515,2013,5,15,2,3,False,2013
2013-05-16,20130516,2013,5,16,2,4,False,2013
2013-05-17,20130517,2013,5,17,2,5,False,2013
2013-05-18,20130518,2013,5,18,2,6,True,2013
2013-05-19,20130519,2013,5,19,2,7,True,2013
2013-05-20,20130520,2013,5,20,2,1,False,2013
2013-05-21,20130521,2013,5,21,2,2,False,2013
2013-05-22,20130522,2013,5,22,2,3,False,2013
2013-05-23,20130523,2013,5,23,2,4,False,2013
2013-05-24,20130524,2013,5,24,2,5,False,2013
2013-05-25,20130525,2013,5,25,2,6,True,2013
2013-05-26,20130526,2013,5,26,2,7,True,2013
2013-05-27,20130527,2013,5,27,2,1,False,2013
2013-05-28,20130528,2013,5,28,2,2,False,2013
2013-05-29,20130529,2013,5,29,2,3,False,2013
2013-05-30,20130530,2013,5,30,2,4,False,2013
2013-05-31,20130531,2013,5,31,2,5,False,2013
2013-06-01,20130601,2013,6,1,2,6,True,2013
2013-06-02,20130602,2013,6,2,2,7,True,2013
2013-06-03,20130603,2013,6,3,2,1,False,2013
2013-06-04,20130604,2013,6,4,2,2,False,2013
2013-06-05,20130605,2013,6,5,2,3,False,2013
2013-06-06,20130606,2013,6,6,2,4,False,2013
2013-06-07,20130607,2013,6,7,2,5,False,2013
2013-06-08,20130608,2013,6,8,2,6,True,2013
2013-06-09,20130609,2013,6,9,2,7,True,2013
2013-06-10,20130610,2013,6,10,2,1,False,2013
2013-06-11,20130611,2013,6,11,2,2,False,2013
2013-06-12,20130612,2013,6,12,2,3,False,2013
2013-06-13,20130613,2013,6,13,2,4,False,2013
2013-06-14,20130614,2013,6,14,2,5,False,2013
2013-06-15,20130615,2013,6,15,2,6,True,2013
2013-06-16,20130616,2013,6,16,2,7,True,2013
2013-06-17,20130617,2013,6,17,2,1,False,2013
2013-06-18,20130618,2013,6,18,2,2,False,2013
2013-06-19,20130619,2013,6,19,2,3,False,2013
2013-06-20,20130620,2013,6,20,2,4,False,2013
2013-06-21,20130621,2013,6,21,2,5,False,2013
2013-06-22,20130622,2013,6,22,2,6,True,2013
2013-06-23,20130623,2013,6,23,2,7,True,2013
2013-06-24,20130624,2013,6,24,2,1,False,2013
2013-06-25,20130625,2013,6,25,2,2,False,2013
2013-06-26,20130626,2013,6,26,2,3,False,2013
2013-06-27,20130627,2013,6,27,2,4,False,2013
2013-06-28,20130628,2013,6,28,2,5,False,2013
2013-06-29,20130629,2013,6,29,2,6,True,2013
2013-06-30,20130630,2013,6,30,2,7,True,2013
2013-07-01,20130701,2013,7,1,3,1,False,2013
2013-07-02,20130702,2013,7,2,3,2,False,2013
2013-07-03,20130703,2013,7,3,3,3,False,2013
2013-07-04,20130704,2013,7,4,3,4,False,2013
2013-07-05,20130705,2013,7,5,3,5,False,2013
2013-07-06,20130706,2013,7,6,3,6,True,2013
2013-07-07,20130707,2013,7,7,3,7,True,2013
2013-07-08,20130708,2013,7,8,3,1,False,2013
2013-07-09,20130709,2013,7,9,3,2,False,2013
2013-07-10,20130710,2013,7,10,3,3,False,2013
2013-07-11,20130711,2013,7,11,3,4,False,2013
2013-07-12,20130712,2013,7,12,3,5,False,2013
2013-07-13,20130713,2013,7,13,3,6,True,2013
2013-07-14,20130714,2013,7,14,3,7,True,2013
2013-07-15,20130715,2013,7,15,3,1,False,2013
2013-07-16,20130716,2013,7,16,3,2,False,2013
2013-07-17,20130717,2013,7,17,3,3,False,2013
2013-07-18,20130718,2013,7,18,3,4,False,2013
2013-07-19,20130719,2013,7,19,3,5,False,2013
2013-07-20,20130720,2013,7,20,3,6,True,2013
2013-07-21,20130721,2013,7,21,3,7,True,2013
2013-07-22,20130722,2013,7,22,3,1,False,2013
2013-07-23,20130723,2013,7,23,3,2,False,2013
2013-07-24,20130724,2013,7,24,3,3,False,2013
2013-07-25,20130725,2013,7,25,3,4,False,2013
2013-07-26,20130726,2013,7,26,3,5,False,2013
2013-07-27,20130727,2013,7,27,3,6,True,2013
2013-07-28,20130728,2013,7,28,3,7,True,2013
2013-07-29,20130729,2013,7,29,3,1,False,2013
2013-07-30,20130730,2013,7,30,3,2,False,2013
2013-07-31,20130731,2013,7,31,3,3,False,2013
2013-08-01,20130801,2013,8,1,3,4,False,2013
2013-08-02,20130802,2013,8,2,3,5,False,2013
2013-08-03,20130803,2013,8,3,3,6,True,2013
2013-08-04,20130804,2013,8,4,3,7,True,2013
2013-08-05,20130805,2013,8,5,3,1,False,2013
2013-08-06,20130806,2013,8,6,3,2,False,2013
2013-08-07,20130807,2013,8,7,3,3,False,2013
2013-08-08,20130808,2013,8,8,3,4,False,2013
2013-08-09,20130809,2013,8,9,3,5,False,2013
2013-08-10,20130810,2013,8,10,3,6,True,2013
2013-08-11,20130811,2013,8,11,3,7,True,2013
2013-08-12,20130812,2013,8,12,3,1,False,2013
2013-08-13,20130813,2013,8,13,3,2,False,2013
2013-08-14,20130814,2013,8,14,3,3,False,2013
2013-08-15,20130815,2013,8,15,3,4,False,2013
2013-08-16,20130816,2013,8,16,3,5,False,2013
2013-08-17,20130817,2013,8,17,3,6,True,2013
2013-08-18,20130818,2013,8,18,3,7,True,2013
2013-08-19,20130819,2013,8,19,3,1,False,2013
2013-08-20,20130820,2013,8,20,3,2,False,2013
2013-08-21,20130821,2013,8,21,3,3,False,2013
2013-08-22,20130822,2013,8,22,3,4,False,2013
2013-08-23,20130823,2013,8,23,3,5,False,2013
2013-08-24,20130824,2013,8,24,3,6,True,2013
2013-08-25,20130825,2013,8,25,3,7,True,2013
2013-08-26,20130826,2013,8,26,3,1,False,2013
2013-08-27,20130827,2013,8,27,3,2,False,2013
2013-08-28,20130828,2013,8,28,3,3,False,2013
2013-08-29,20130829,2013,8,29,3,4,False,2013
2013-08-30,20130830,2013,8,30,3,5,False,2013
2013-08-31,20130831,2013,8,31,3,6,True,2013
2013-09-01,20130901,2013,9,1,3,7,True,2013
2013-09-02,20130902,2013,9,2,3,1,False,2013
2013-09-03,20130903,2013,9,3,3,2,False,2013
2013-09-04,20130904,2013,9,4,3,3,False,2013
2013-09-05,20130905,2013,9,5,3,4,False,2013
2013-09-06,20130906,2013,9,6,3,5,False,2013
2013-09-07,20130907,2013,9,7,3,6,True,2013
2013-09-08,20130908,2013,9,8,3,7,True,2013
2013-09-09,20130909,2013,9,9,3,1,False,2013
2013-09-10,20130910,2013,9,10,3,2,False,2013
2013-09-11,20130911,2013,9,11,3,3,False,2013
2013-09-12,20130912,2013,9,12,3,4,False,2013
2013-09-13,20130913,2013,9,13,3,5,False,2013
2013-09-14,20130914,2013,9,14,3,6,True,2013
2013-09-15,20130915,2013,9,15,3,7,True,2013
2013-09-16,20130916,2013,9,16,3,1,False,2013
2013-09-17,20130917,2013,9,17,3,2,False,2013
2013-09-18,20130918,2013,9,18,3,3,False,2013
2013-09-19,20130919,2013,9,19,3,4,False,2013
2013-09-20,20130920,2013,9,20,3,5,False,2013
2013-09-21,20130921,2013,9,21,3,6,True,2013
2013-09-22,20130922,2013,9,22,3,7,True,2013
2013-09-23,20130923,2013,9,23,3,1,False,2013
2013-09-24,20130924,2013,9,24,3,2,False,2013
2013-09-25,20130925,2013,9,25,3,3,False,2013
2013-09-26,20130926,2013,9,26,3,4,False,2013
2013-09-27,20130927,2013,9,27,3,5,False,2013
2013-09-28,20130928,2013,9,28,3,6,True,2013
2013-09-29,20130929,2013,9,29,3,7,True,2013
2013-09-30,20130930,2013,9,30,3,1,False,2013
2013-10-01,20131001,2013,10,1,4,2,False,2013
2013-10-02,20131002,2013,10,2,4,3,False,2013
2013-10-03,20131003,2013,10,3,4,4,False,2013
2013-10-04,20131004,2013,10,4,4,5,False,2013
2013-10-05,20131005,2013,10,5,4,6,True,2013
2013-10-06,20131006,2013,10,6,4,7,True,2013
2013-10-07,20131007,2013,10,7,4,1,False,2013
2013-10-08,20131008,2013,10,8,4,2,False,2013
2013-10-09,20131009,2013,10,9,4,3,False,2013
2013-10-10,20131010,2013,10,10,4,4,False,2013
2013-10-11,20131011,2013,10,11,4,5,False,2013
2013-10-12,20131012,2013,10,12,4,6,True,2013
2013-10-13,20131013,2013,10,13,4,7,True,2013
2013-10-14,20131014,2013,10,14,4,1,False,2013
2013-10-15,20131015,2013,10,15,4,2,False,2013
2013-10-16,20131016,2013,10,16,4,3,False,2013
2013-10-17,20131017,2013,10,17,4,4,False,2013
2013-10-18,20131018,2013,10,18,4,5,False,2013
2013-10-19,20131019,2013,10,19,4,6,True,2013
2013-10-20,20131020,2013,10,20,4,7,True,2013
2013-10-21,20131021,2013,10,21,4,1,False,2013
2013-10-22,20131022,2013,10,22,4,2,False,2013
2013-10-23,20131023,2013,10,23,4,3,False,2013
2013-10-24,20131024,2013,10,24,4,4,False,2013
2013-10-25,20131025,2013,10,25,4,5,False,2013
2013-10-26,20131026,2013,10,26,4,6,True,2013
2013-10-27,20131027,2013,10,27,4,7,True,2013
2013-10-28,20131028,2013,10,28,4,1,False,2013
2013-10-29,20131029,2013,10,29,4,2,False,2013
2013-10-30,20131030,2013,10,30,4,3,False,2013
2013-10-31,20131031,2013,10,31,4,4,False,2013
2013-11-01,20131101,2013,11,1,4,5,False,2013
2013-11-02,20131102,2013,11,2,4,6,True,2013
2013-11-03,20131103,2013,11,3,4,7,True,2013
2013-11-04,20131104,2013,11,4,4,1,False,2013
2013-11-05,20131105,2013,11,5,4,2,False,2013
2013-11-06,20131106,2013,11,6,4,3,False,2013
2013-11-07,20131107,2013,11,7,4,4,False,2013
2013-11-08,20131108,2013,11,8,4,5,False,2013
2013-11-09,20131109,2013,11,9,4,6,True,2013
2013-11-10,20131110,2013,11,10,4,7,True,2013
2013-11-11,20131111,2013,11,11,4,1,False,2013
2013-11-12,20131112,2013,11,12,4,2,False,2013
2013-11-13,20131113,2013,11,13,4,3,False,2013
2013-11-14,20131114,2013,11,14,4,4,False,2013
2013-11-15,20131115,2013,11,15,4,5,False,2013
2013-11-16,20131116,2013,11,16,4,6,True,2013
2013-11-17,20131117,2013,11,17,4,7,True,2013
2013-11-18,20131118,2013,11,18,4,1,False,2013
2013-11-19,20131119,2013,11,19,4,2,False,2013
2013-11-20,20131120,2013,11,20,4,3,False,2013
2013-11-21,20131121,2013,11,21,4,4,False,2013
2013-11-22,20131122,2013,11,22,4,5,False,2013
2013-11-23,20131123,2013,11,23,4,6,True,2013
2013-11-24,20131124,2013,11,24,4,7,True,2013
2013-11-25,20131125,2013,11,25,4,1,False,2013
2013-11-26,20131126,2013,11,26,4,2,False,2013
2013-11-27,20131127,2013,11,27,4,3,False,2013
2013-11-28,20131128,2013,11,28,4,4,False,2013
2013-11-29,20131129,2013,11,29,4,5,False,2013
2013-11-30,20131130,2013,11,30,4,6,True,2013
2013-12-01,20131201,2013,12,1,4,7,True,2013
2013-12-02,20131202,2013,12,2,4,1,False,2013
2013-12-03,20131203,2013,12,3,4,2,False,2013
2013-12-04,20131204,2013,12,4,4,3,False,2013
2013-12-05,20131205,2013,12,5,4,4,False,2013
2013-12-06,20131206,2013,12,6,4,5,False,2013
2013-12-07,20131207,2013,12,7,4,6,True,2013
2013-12-08,20131208,2013,12,8,4,7,True,2013
2013-12-09,20131209,2013,12,9,4,1,False,2013
2013-12-10,20131210,2013,12,10,4,2,False,2013
2013-12-11,20131211,2013,12,11,4,3,False,2013
2013-12-12,20131212,2013,12,12,4,4,False,2013
2013-12-13,20131213,2013,12,13,4,5,False,2013
2013-12-14,20131214,2013,12,14,4,6,True,2013
2013-12-15,20131215,2013,12,15,4,7,True,2013
2013-12-16,20131216,2013,12,16,4,1,False,2013
2013-12-17,20131217,2013,12,17,4,2,False,2013
2013-12-18,20131218,2013,12,18,4,3,False,2013
2013-12-19,20131219,2013,12,19,4,4,False,2013
2013-12-20,20131220,2013,12,20,4,5,False,2013
2013-12-21,20131221,2013,12,21,4,6,True,2013
2013-12-22,20131222,2013,12,22,4,7,True,2013
2013-12-23,20131223,2013,12,23,4,1,False,2013
2013-12-24,20131224,2013,12,24,4,2,False,2013
2013-12-25,20131225,2013,12,25,4,3,False,2013
2013-12-26,20131226,2013,12,26,4,4,False,2013
2013-12-27,20131227,2013,12,27,4,5,False,2013
2013-12-28,20131228,2013,12,28,4,6,True,2013
2013-12-29,20131229,2013,12,29,4,7,True,2013
2013-12-30,20131230,2013,12,30,4,1,False,2013
2013-12-31,20131231,2013,12,31,4,2,False,2013
2014-01-01,20140101,2014,1,1,1,3,False,2013
2014-01-02,20140102,2014,1,2,1,4,False,2013
2014-01-03,20140103,2014,1,3,1,5,False,2013
2014-01-04,20140104,2014,1,4,1,6,True,2013
2014-01-05,20140105,2014,1,5,1,7,True,2013
2014-01-06,20140106,2014,1,6,1,1,False,2013
2014-01-07,20140107,2014,1,7,1,2,False,2013
2014-01-08,20140108,2014,1,8,1,3,False,2013
2014-01-09,20140109,2014,1,9,1,4,False,2013
2014-01-10,20140110,2014,1,10,1,5,False,2013
2014-01-11,20140111,2014,1,11,1,6,True,2013
2014-01-12,20140112,2014,1,12,1,7,True,2013
2014-01-13,20140113,2014,1,13,1,1,False,2013
2014-01-14,20140114,2014,1,14,1,2,False,2013
2014-01-15,20140115,2014,1,15,1,3,False,2013
2014-01-16,20140116,2014,1,16,1,4,False,2013
2014-01-17,20140117,2014,1,17,1,5,False,2013
2014-01-18,20140118,2014,1,18,1,6,True,2013
2014-01-19,20140119,2014,1,19,1,7,True,2013
2014-01-20,20140120,2014,1,20,1,1,False,2013
2014-01-21,20140121,2014,1,21,1,2,False,2013
2014-01-22,20140122,2014,1,22,1,3,False,2013
2014-01-23,20140123,2014,1,23,1,4,False,2013
2014-01-24,20140124,2014,1,24,1,5,False,2013
2014-01-25,20140125,2014,1,25,1,6,True,2013
2014-01-26,20140126,2014,1,26,1,7,True,2013
2014-01-27,20140127,2014,1,27,1,1,False,2013
2014-01-28,20140128,2014,1,28,1,2,False,2013
